Feature_1,Feature_2,Feature_3,Feature_4,Feature_5,Target
0.7965429868602328,0.1834347898661638,0.7796910002727693,0.596850157946487,0.44583275285359114,0.8659669621319616
0.09997491581800289,0.45924889196586716,0.33370861113902184,0.14286681792194078,0.6508884729488529,0.5963051485663944
0.056411579027100256,0.7219987722668247,0.9385527090157502,0.0007787658410143283,0.9922115592912175,0.9370953317340831
0.6174815096277165,0.6116531604882809,0.007066305219717406,0.023062425041415757,0.5247746602583891,0.36517976080454595
0.3998609717152555,0.04666566321361543,0.9737555188414592,0.23277134043030423,0.0906064345328208,0.46807982686400096
0.6183860093330873,0.38246199126716274,0.9832308858067882,0.4667628932479799,0.8599404067363206,1.0646159210725759
0.6803075385877797,0.450499251969543,0.013264961159866528,0.9422017556848528,0.5632882178455393,1.014001736932182
0.3854165025399161,0.015966252220214194,0.230893825622149,0.24102546602601171,0.6832635188254582,0.3975454223525481
0.6099966577826209,0.8331949117361643,0.17336465350777208,0.3910606075732408,0.18223608778806233,0.6432628983918989
0.7553614103176525,0.4251558744912447,0.20794166286818883,0.5677003278199915,0.03131329245555858,0.5781665826728339
0.8422847745949985,0.44975413336976566,0.3951502360018144,0.9266588657937942,0.7272719958564209,1.208403320345659
0.3265407688058354,0.5704439744053994,0.5208342600258237,0.9611720243493491,0.8445338486781514,1.1247438037743618
0.7473201101373809,0.5396921323890798,0.5867511656638482,0.965255307264138,0.6070342476866847,1.2780847133172488
0.27599918202254337,0.2962735057040824,0.1652669390630025,0.01563640674119393,0.4234014807063696,0.24641271408640786
0.3948815181755697,0.2934881747180381,0.014079822715084456,0.19884240408880516,0.71134195274865,0.34384551238714944
0.7901755405312056,0.6059599747810114,0.926300878513349,0.6510770255019445,0.9149596755437808,1.2273206674393582
0.8500385777897993,0.4494506741382034,0.09541011649041131,0.37081825219826636,0.6688412526636073,0.631438847945588
0.6659223566174967,0.5912977877077271,0.27472179299006416,0.5612434258477011,0.38292687475378984,0.9331281972327956
0.9717120953891037,0.8489138242660839,0.7217295211648732,0.23598491974895575,0.25606832276132396,0.8092618000834685
0.04043358953843135,0.7106628896857874,0.11089082081183133,0.4393365018657701,0.2017192023353962,0.5845324922728347
0.8957635956735194,0.47537022318211175,0.5632755719763837,0.6955160864261275,0.1393314544058757,1.0101731066621202
0.6044173792778172,0.5398410913016731,0.2030612247347694,0.942853570557981,0.598865466488536,1.0447679189924444
0.6947849330397046,0.8804678390152577,0.6243540481337932,0.295633685837714,0.10549425983027061,0.6678735747810121
0.45653457048291024,0.2184404372168336,0.4165099478703662,0.8832802589188683,0.32434502100527396,1.0030428391663793
0.12208795470067335,0.3562978380769749,0.906828441545754,0.2721322493846353,0.6476901205413623,0.742089571636573
0.0005203769953158188,0.352568856334169,0.30478125815802903,0.16465585314294173,0.534089419375442,0.40302326517112047
0.4848299713589832,0.6924360328902703,0.2694123337985215,0.24412552224777417,0.16829104217293056,0.4280723529015107
0.21876421957307024,0.5581020020173412,0.4038361710580408,0.06489224710898156,0.2539154139343447,0.34355798490818246
0.2468760628386012,0.6963042728397884,0.712270589924442,0.1480869299533999,0.9977404850489419,0.8885958713548531
0.266781014275285,0.9766149558326529,0.4110370133182313,0.033050732900548385,0.345071248026683,0.5384955482061294
0.6343513447013638,0.6807054515547668,0.5309345833171364,0.44778316457309164,0.552893089071328,0.5011693458149087
0.5926967238793935,0.08085332633271525,0.36965445606140446,0.24215993827742588,0.8031397563798959,0.5305379373750876
0.4703006344460384,0.983423140894843,0.39882444244455306,0.8164318732193839,0.7983451249845511,1.1109802389004244
0.15071754396542947,0.5081987767407187,0.6958128067908819,0.8583588048137198,0.32595890520188475,1.1281756842805397
0.2202410475655483,0.7111495324380178,0.8095010461397154,0.3486659872917294,0.09617655109142076,0.71884670738775
0.940523264489604,0.3975720210875223,0.5177513505274801,0.837710105907328,0.6756901170392807,1.2964885364155578
0.7352161192407721,0.20907162073771368,0.5414479738275658,0.6957843993450822,0.22855002179729966,0.9259098265716941
0.17495492709593619,0.9821683433294356,0.5166358912710143,0.260829174830409,0.9962536997579243,0.8810474615882772
0.9654193512887936,0.5582934536070976,0.8826363431893397,0.18870710834137938,0.2788713525921819,0.8546084336365323
0.7003578299727713,0.8466611422383059,0.8563242918780924,0.4045081271221901,0.8877700987609598,1.1485233584805243
0.8509284487675127,0.9356349942209475,0.7853406511139436,0.6689882547142286,0.5806866214364547,1.196134500334269
0.3722827665617431,0.9401334424577784,0.9736638367553173,0.2839209747374657,0.30536386034439345,1.0095711310630808
0.4856137535862266,0.44842414298624733,0.9944574626108207,0.17592525267734538,0.018075363615520867,0.6664226737503867
0.4938937151834346,0.1788227092213288,0.3664687845828599,0.7441705230565623,0.7209399242521293,0.8846349469692145
0.3080607918523892,0.5425402305548993,0.50881407683876,0.6363326181858954,0.25046181860558414,0.9047355719592889
0.5898708475605439,0.978892858275009,0.4867421529594551,0.906098787718554,0.43439436551042865,1.36220006120828
0.3500784076946757,0.6451033620305648,0.6689240596630996,0.8641675650719031,0.23018526824155527,1.0752500709462733
0.4991933798847523,0.5720041992091831,0.768554014306309,0.04360377175443375,0.994550510797341,0.7425773446528969
0.46994451399094295,0.2795603417967586,0.883494022266259,0.7477187738974139,0.9530718470239532,0.9627265104928653
0.3307503046705137,0.5527649668354899,0.5722924691708383,0.9803315837160457,0.07534625600612821,1.2081345942002086
0.30569701928718185,0.19091103115034602,0.2684748568901568,0.4852798742763157,0.3726868670940493,0.5408635946712063
0.3946914668094722,0.8442131407263114,0.9300168348108319,0.0704161308495439,0.20891871761536018,0.7838986522797623
0.6711435168240506,0.3586467812961639,0.25416364906973876,0.29529058841893874,0.3225507642386005,0.6825228581395691
0.8486697949246744,0.13662133144202881,0.7089109969101186,0.5528199769079077,0.2965101436477985,0.7934879885672823
0.4197808564462765,0.25620694359445806,0.6115137108656805,0.08159418040024036,0.005184862773986776,0.36782286417822696
0.6278944149486361,0.19427395351204224,0.07094091699992766,0.3967838272138884,0.050768531039396936,0.4987106710199751
0.8866171489506599,0.027616771873704704,0.5788648955075587,0.43847412301808697,0.6720261352951994,0.7668797580801141
0.32815266747473193,0.1550416167277442,0.9818408883105311,0.8389335020693633,0.8604046183116753,1.2551568068408894
0.25025136051586405,0.0388347344294232,0.3032655146732228,0.5370824271966554,0.3266512417960409,0.403592589699656
0.8278690037875887,0.2715429158197419,0.9652518303907698,0.45726516161372854,0.8420230750119814,1.124014475493128
0.19438003399487302,0.41135390505667857,0.6995122107671938,0.13835309241780136,0.1327454222429698,0.5659314401373406
0.969536867114159,0.7145951041799521,0.04106751676787579,0.39882090144479454,0.43352073758074205,0.4688452100793956
0.7440426429991154,0.2508605273466612,0.18433367433137005,0.08087296661719767,0.42831447494010777,0.3833385629520584
0.6884999007653664,0.05819359550844361,0.9152137276264805,0.44235222973110444,0.23978735915740323,0.5402335690464026
0.09387329008129175,0.18286599710730733,0.9346139973397097,0.6382705938433504,0.5166962574265667,1.1974506643297798
0.6571113285001668,0.43567289867789105,0.7300393165618185,0.04771612769164879,0.5660372104940763,0.5152666745351291
0.15864644764249103,0.12016464780564218,0.3418796667164016,0.09179906581344188,0.09415698826856012,0.42135435663531406
0.3114133093912942,0.9795105286215086,0.17533026988933853,0.017161101831750236,0.7633644230039109,0.49208017431300766
0.8069129770507795,0.3463043210894008,0.4646738129396114,0.6497736826427634,0.048058924197033726,0.7747527738378482
0.9491457315913859,0.8866803872980475,0.26089362334171395,0.01530454029038475,0.933436308079483,0.5569487487113038
0.5010398839152592,0.5393774484000625,0.6839637693981411,0.6158511643899138,0.9438916045607572,1.1750302959229988
0.9442515971251674,0.8671989335550038,0.6364035974460113,0.8009492946823997,0.6771683423829817,1.1775682266705971
0.5733670416719333,0.12850035323391018,0.811204176736003,0.8206394757439553,0.6259396701015728,1.099098919892901
0.8204268437712681,0.651484771857788,0.20668435987674538,0.27396112732113376,0.21458911970837413,0.5185543403662708
0.37725908322797586,0.03896313231023363,0.6182538843378929,0.3365542148887265,0.6557226353807422,0.5212974649114509
0.38539662096556504,0.6816136689727897,0.34062456946424,0.2606945282359031,0.4960374542934062,0.6851699647317733
0.6928903586919394,0.34833660445319736,0.9366481518557073,0.039186326675646255,0.41794603171557876,0.5915420268573219
0.9675805515202475,0.5479718832480873,0.42347094230811855,0.5685202837499583,0.5759245752580846,0.9619810903426489
0.7316477552996402,0.1276897294224656,0.25001644921610466,0.5805440123439098,0.8671166072097221,0.7234825670869088
0.5618666921437736,0.23859685979034018,0.6798447799002458,0.7399087604473745,0.23823615240397944,0.867343803955174
0.37772888617629485,0.5343274735305634,0.4965611906830777,0.38961808621920346,0.2976351745093109,0.8496751900566282
0.09998488716186338,0.053485296747368904,0.9585414968831983,0.8471431440955898,0.3549051904627206,1.2573235385945305
0.9568008851264563,0.6767699044243033,0.48252094964264247,0.49302565777180496,0.08328441119525964,0.8170281872526363
0.09170414725848108,0.602440925901119,0.5537030523458008,0.21272789502422895,0.9461945428816902,0.755084063402723
0.7812960504712025,0.11346460201744801,0.9309291056872926,0.9742482085344102,0.9959312420303291,1.2594441021935565
0.05587115467735004,0.7370355567910089,0.5459157701649889,0.7058314838786945,0.9686519439741349,1.0385437943697897
0.6880300101750391,0.8369638742373738,0.8668687053108414,0.8384807637639851,0.4260914750469411,1.1711984667798794
0.22257641757103053,0.39665160195425186,0.8918969087767766,0.1466048216920255,0.5133261686923929,0.6850148196224535
0.2332280724245278,0.5813054172267823,0.8631385219890039,0.8803599686384168,0.23668519368207874,1.3163153880827645
0.9076937063485463,0.5918887388212843,0.35021824670031354,0.7081811955831998,0.48166698796411533,0.8766019300165047
0.37798759012225447,0.7050843642966599,0.24872415443028795,0.3302525290190985,0.43445184448827134,0.5059319351672191
0.25368217387313874,0.4052020867814171,0.5714730252050106,0.7409738609106683,0.7671948531085717,1.0152417402702605
0.8227903518766931,0.7442116569432979,0.681039427096909,0.23750647129246993,0.40022289287202484,0.7842613974760841
0.47771489088022767,0.08289132169335423,0.5283701212972092,0.436335831606556,0.8021092490267341,0.7398136338252158
0.9779006687542708,0.5560050386425845,0.32268638827758367,0.04340078329817276,0.924643330223596,0.6765120264305293
0.9191157152786594,0.2529901679892411,0.6954111231066475,0.07543454708976927,0.16621543190925292,0.483845713765731
0.21680910658649122,0.29449394683942987,0.9958313750293707,0.6969250558638148,0.3842018313792199,1.0999565746618924
0.7371007058430192,0.9152543416691064,0.9587024074078462,0.057863897757707394,0.39452179860812986,0.7378434184498276
0.10675606593588438,0.3356600647969632,0.16967990389556553,0.6468483616687238,0.3882683839898722,0.8403145802643377
0.22939474570494967,0.26593792496423896,0.36034509520526825,0.2599498628542627,0.45324084682883103,0.5347392786916237
